{"desktop_rects":{"h2map":{"Ką daryti pirmiausia":411.546875,"Ko vengti":748.09375,"Atrinkti konservai skonių išbandymui":1435.890625,"Dažniausiai užduodami klausimai":4103.828125,"Prisijungti":0,"Registruotis":0},"hero":{"top":190.46875,"bottom":383.546875},"ctaBanner":{"top":1064.625,"bottom":1407.890625},"warning":{"top":3962.09375,"bottom":4075.828125},"h1":{"top":223.46875,"bottom":261.859375},"faq":{"top":4149.890625,"bottom":4470.828125},"docHeight":4873,"dog":{"x":195,"y":1495.15625,"width":1050,"height":1206.46875,"top":1495.15625,"right":1245,"bottom":2701.625,"left":195},"cat":{"x":195,"y":2727.625,"width":1050,"height":1206.46875,"top":2727.625,"right":1245,"bottom":3934.09375,"left":195},"footerWidgetsVisible":"none","mobileHiddenCount":[{"total":12,"visible":12},{"total":12,"visible":12}]},"mobile_rects":{"h2map":{"Ką daryti pirmiausia":468.53125,"Ko vengti":940.859375,"Atrinkti konservai skonių išbandymui":2177.921875,"Dažniausiai užduodami klausimai":4903.421875,"Prisijungti":0,"Registruotis":0},"hero":{"top":146,"bottom":440.53125},"ctaBanner":{"top":1369.15625,"bottom":2149.921875},"warning":{"top":4671.8125,"bottom":4875.421875},"h1":{"top":169,"bottom":226.59375},"faq":{"top":4937.96875,"bottom":5330.9375},"docHeight":6385,"dog":{"x":15,"y":2228.875,"width":360,"height":1194.46875,"top":2228.875,"right":375,"bottom":3423.34375,"left":15},"cat":{"x":15,"y":3449.34375,"width":360,"height":1194.46875,"top":3449.34375,"right":375,"bottom":4643.8125,"left":15},"footerWidgetsVisible":"none","mobileHiddenCount":[{"total":12,"visible":6},{"total":12,"visible":6}]}}