{"desktop_rects":{"h2map":{"Ką daryti pirmiausia":252.453125,"Ko vengti":556.09375,"Susidėk savo rinkinį — greičiausias būdas išbandyti":859.734375,"Atrinkti konservai skonių išbandymui":1160.578125,"Dažniausiai užduodami klausimai":2923.5,"Prisijungti":0,"Registruotis":0},"intro":{"top":180.46875,"bottom":231.65625},"dogGrid":{"top":1213.84375,"bottom":2766.40625,"left":195,"right":708},"catGrid":{"top":1213.84375,"bottom":2766.40625,"left":732,"right":1245},"warning":{"top":2790.40625,"bottom":2899.5},"docHeight":4145},"mobile_rects":{"h2map":{"Ką daryti pirmiausia":310.359375,"Ko vengti":773.6875,"Susidėk savo rinkinį — greičiausias būdas išbandyti":1189.015625,"Atrinkti konservai skonių išbandymui":1955.3125,"Dažniausiai užduodami klausimai":6572.734375,"Prisijungti":0,"Registruotis":0},"intro":{"top":136,"bottom":289.5625},"dogGrid":{"top":2000.265625,"bottom":4103.703125,"left":15,"right":375},"catGrid":{"top":4127.703125,"bottom":6328.640625,"left":15,"right":375},"warning":{"top":6352.640625,"bottom":6548.734375},"docHeight":9214}}